{
    "B": {
        "eigenvalues": [
            -7.73727,
            -0.40822,
            -0.220701,
            -0.220701,
            -0.220701,
            -0.063333,
            -0.043803
        ],
        "occ": [
            2,
            2,
            1,
            0,
            0,
            0,
            0
        ]
    },
    "C": {
        "eigenvalues": [
            -11.338463,
            -0.712071,
            -0.271267,
            -0.271267,
            -0.271267,
            -0.085444,
            -0.052581
        ],
        "occ": [
            2,
            2,
            1,
            1,
            0,
            0,
            0
        ]
    },
    "N": {
        "eigenvalues": [
            -15.666428,
            -0.963687,
            -0.508659,
            -0.508659,
            -0.508659,
            -0.039506,
            -0.013124
        ],
        "occ": [
            2,
            2,
            1,
            1,
            1,
            0,
            0
        ]
    },
    "O": {
        "eigenvalues": [
            -20.680949,
            -1.250395,
            -0.8216,
            -0.8216,
            -0.8216,
            0.02049,
            0.03211
        ],
        "occ": [
            2,
            2,
            2,
            1,
            1,
            0,
            0
        ]
    },
    "F": {
        "eigenvalues": [
            -26.382842,
            -1.572576,
            -1.216717,
            -1.216717,
            -1.216717,
            0.089809,
            0.089809
        ],
        "occ": [
            2,
            2,
            2,
            2,
            1,
            0,
            0
        ]
    },
    "Al": {
        "eigenvalues": [
            -58.588548,
            -4.990066,
            -3.306801,
            -3.306801,
            -3.306801,
            -0.330852,
            -0.165483,
            -0.165483,
            -0.165483,
            -0.060562,
            -0.038447
        ],
        "occ": [
            2,
            2,
            2,
            2,
            2,
            2,
            1,
            0,
            0,
            0,
            0
        ]
    },
    "Si": {
        "eigenvalues": [
            -68.819417,
            -6.163026,
            -4.262449,
            -4.262449,
            -4.262449,
            -0.543623,
            -0.18583,
            -0.18583,
            -0.18583,
            -0.076144,
            -0.045374
        ],
        "occ": [
            2,
            2,
            2,
            2,
            2,
            2,
            1,
            1,
            0,
            0,
            0
        ]
    },
    "P": {
        "eigenvalues": [
            -79.989118,
            -7.528816,
            -5.418482,
            -5.418482,
            -5.418482,
            -0.706388,
            -0.350573,
            -0.350573,
            -0.350573,
            -0.043291,
            -0.016485
        ],
        "occ": [
            2,
            2,
            2,
            2,
            2,
            2,
            1,
            1,
            1,
            0,
            0
        ]
    },
    "S": {
        "eigenvalues": [
            -92.01071,
            -9.00994,
            -6.688095,
            -6.688095,
            -6.688095,
            -0.88268,
            -0.568431,
            -0.568431,
            -0.568431,
            -0.00091,
            0.014894
        ],
        "occ": [
            2,
            2,
            2,
            2,
            2,
            2,
            2,
            1,
            1,
            0,
            0
        ]
    },
    "Cl": {
        "eigenvalues": [
            -104.884457,
            -10.607508,
            -8.072239,
            -8.072239,
            -8.072239,
            -1.072933,
            -0.84402,
            -0.84402,
            -0.84402,
            0.046275,
            0.05377
        ],
        "occ": [
            2,
            2,
            2,
            2,
            2,
            2,
            2,
            2,
            1,
            0,
            0
        ]
    }
}