{
    "B": {
        "NonSym": -24.531363465141,
        "SpaceSym": -24.527885061712,
        "SpinSym": -24.52759454485,
        "FullSym": -24.527347046982
    },
    "C": {
        "NonSym": -37.691835725053,
        "SpaceSym": -37.688661110062,
        "SpinSym": -37.686553631467,
        "FullSym": -37.686327248042
    },
    "N": {
        "NonSym": -54.403208281029,
        "SpaceSym": -54.40320828103,
        "SpinSym": -54.3979496643,
        "FullSym": -54.3979496643
    },
    "O": {
        "NonSym": -74.816730223389,
        "SpaceSym": -74.811544808787,
        "SpinSym": -74.808660019843,
        "FullSym": -74.807402517685
    },
    "F": {
        "NonSym": -99.413727442468,
        "SpaceSym": -99.408770074448,
        "SpinSym": -99.408277753932,
        "FullSym": -99.407436424516
    },
    "Al": {
        "NonSym": -241.877081612547,
        "SpaceSym": -241.873318532844,
        "SpinSym": -241.873464090357,
        "FullSym": -241.873229454247
    },
    "Si": {
        "NonSym": -288.854177521195,
        "SpaceSym": -288.850027297241,
        "SpinSym": -288.849691722946,
        "FullSym": -288.849500698115
    },
    "P": {
        "NonSym": -340.714134847257,
        "SpaceSym": -340.714134847256,
        "SpinSym": -340.712836861035,
        "FullSym": -340.712836861035
    },
    "S": {
        "NonSym": -397.507365499418,
        "SpaceSym": -397.500463617042,
        "SpinSym": -397.499841452303,
        "FullSym": -397.498966726008
    },
    "Cl": {
        "NonSym": -459.483424812433,
        "SpaceSym": -459.476558957197,
        "SpinSym": -459.47670266558,
        "FullSym": -459.476056863194
    }
}