{
    "B": {
        "eigenvalues": [
            -6.8515,
            -0.48838,
            -0.27441,
            -0.26847,
            -0.26847,
            -0.10665,
            -0.07862,
            -0.07862,
            -0.077028,
            -0.031461,
            -0.031461,
            -0.028228,
            -0.028228
        ],
        "occ": [
            2,
            2,
            1,
            0,
            0,
            0,
            0,
            0,
            0,
            0,
            0,
            0,
            0
        ]
    },
    "C": {
        "eigenvalues": [
            -10.297,
            -0.70526,
            -0.38897,
            -0.38897,
            -0.38029,
            -0.11644,
            -0.084631,
            -0.081081,
            -0.081081,
            0.0081149,
            0.0091996,
            0.0091996,
            0.012816,
            0.012816
        ],
        "occ": [
            2,
            2,
            1,
            1,
            0,
            0,
            0,
            0,
            0,
            0,
            0,
            0,
            0,
            0
        ]
    },
    "N": {
        "eigenvalues": [
            -14.391,
            -0.93617,
            -0.50118,
            -0.50118,
            -0.50118,
            -0.12354,
            -0.084068,
            -0.084068,
            -0.084068,
            0.059681,
            0.059681,
            0.059681,
            0.059681,
            0.059681,
            0.14441
        ],
        "occ": [
            2,
            2,
            1,
            1,
            1,
            0,
            0,
            0,
            0,
            0,
            0,
            0,
            0,
            0,
            0
        ]
    },
    "O": {
        "eigenvalues": [
            -19.179,
            -1.1496,
            -0.59647,
            -0.59647,
            -0.56803,
            -0.12754,
            -0.085876,
            -0.085876,
            -0.081906,
            0.12407,
            0.12457,
            0.12457,
            0.12561,
            0.12561,
            0.19248
        ],
        "occ": [
            2,
            2,
            1,
            1,
            2,
            0,
            0,
            0,
            0,
            0,
            0,
            0,
            0,
            0,
            0
        ]
    },
    "F": {
        "eigenvalues": [
            -24.63,
            -1.3832,
            -0.69558,
            -0.66681,
            -0.66681,
            -0.12346,
            -0.081543,
            -0.078186,
            -0.078186,
            0.21569,
            0.21569,
            0.21642,
            0.21642,
            0.21659,
            0.26872
        ],
        "occ": [
            2,
            2,
            1,
            2,
            2,
            0,
            0,
            0,
            0,
            0,
            0,
            0,
            0,
            0,
            0
        ]
    },
    "Al": {
        "eigenvalues": [
            -55.549,
            -4.1633,
            -2.7355,
            -2.7355,
            -2.7305,
            -0.38237,
            -0.20406,
            -0.2012,
            -0.2012,
            -0.099176,
            -0.068017,
            -0.068017,
            -0.06734,
            -0.05929,
            -0.05841,
            -0.05841,
            -0.057619
        ],
        "occ": [
            2,
            2,
            2,
            2,
            2,
            2,
            1,
            0,
            0,
            0,
            0,
            0,
            0,
            0,
            0,
            0,
            0
        ]
    },
    "Si": {
        "eigenvalues": [
            -65.661,
            -5.3319,
            -3.7154,
            -3.7083,
            -3.7083,
            -0.50966,
            -0.267,
            -0.267,
            -0.26392,
            -0.10521,
            -0.071836,
            -0.071584,
            -0.071584,
            -0.047672,
            -0.046158,
            -0.046158,
            -0.044488,
            -0.044488
        ],
        "occ": [
            2,
            2,
            2,
            2,
            2,
            2,
            1,
            1,
            0,
            0,
            0,
            0,
            0,
            0,
            0,
            0,
            0,
            0
        ]
    },
    "P": {
        "eigenvalues": [
            -76.573,
            -6.6001,
            -4.7842,
            -4.7842,
            -4.7842,
            -0.64977,
            -0.3413,
            -0.3413,
            -0.3413,
            -0.1101,
            -0.073693,
            -0.073693,
            -0.073693,
            -0.033967,
            -0.033967,
            -0.033967,
            -0.033967,
            -0.033967,
            0.10452
        ],
        "occ": [
            2,
            2,
            2,
            2,
            2,
            2,
            1,
            1,
            1,
            0,
            0,
            0,
            0,
            0,
            0,
            0,
            0,
            0,
            0
        ]
    },
    "S": {
        "eigenvalues": [
            -88.325,
            -7.9714,
            -5.9634,
            -5.9634,
            -5.9473,
            -0.76943,
            -0.40069,
            -0.40069,
            -0.38842,
            -0.11282,
            -0.076556,
            -0.075413,
            -0.075413,
            -0.013604,
            -0.013346,
            -0.013346,
            -0.011258,
            -0.011258,
            0.11974
        ],
        "occ": [
            2,
            2,
            2,
            2,
            2,
            2,
            1,
            1,
            2,
            0,
            0,
            0,
            0,
            0,
            0,
            0,
            0,
            0,
            0
        ]
    },
    "Cl": {
        "eigenvalues": [
            -100.93,
            -9.462,
            -7.2603,
            -7.2426,
            -7.2426,
            -0.90244,
            -0.47123,
            -0.459,
            -0.459,
            -0.11622,
            -0.076201,
            -0.076201,
            -0.076067,
            0.011373,
            0.011528,
            0.011528,
            0.011823,
            0.011823,
            0.15515
        ],
        "occ": [
            2,
            2,
            2,
            2,
            2,
            2,
            1,
            2,
            2,
            0,
            0,
            0,
            0,
            0,
            0,
            0,
            0,
            0,
            0
        ]
    }
}