{
    "B": {
        "a": 0.0059368,
        "b": 0.21397
    },
    "C": {
        "a": 0.0086824,
        "b": 0.31629
    },
    "N": {
        "a": 0.37764,
        "b": 0.43499
    },
    "O": {
        "a": 0.46893,
        "b": -0.028435
    },
    "F": {
        "a": 0.57213,
        "b": -0.028774
    },
    "Al": {
        "a": 0.002861,
        "b": 0.17831
    },
    "Si": {
        "a": 0.0030764,
        "b": 0.24266
    },
    "P": {
        "a": 0.2312,
        "b": 0.30847
    },
    "S": {
        "a": 0.28786,
        "b": -0.012273
    },
    "Cl": {
        "a": 0.35501,
        "b": -0.012235
    }
}