{
    "B": {
        "RS2": {
            "a": 0.0027833,
            "b": 0.21519
        },
        "CISD": {
            "a": -0.013445,
            "b": 0.22582
        },
        "AQCC": {
            "a": -0.016013,
            "b": 0.22737
        }
    },
    "C": {
        "RS2": {
            "a": 0.0042001,
            "b": 0.31677
        },
        "CISD": {
            "a": -0.016925,
            "b": 0.3218
        },
        "AQCC": {
            "a": -0.020714,
            "b": 0.32273
        }
    },
    "N": {
        "RS2": {
            "a": 0.38547,
            "b": 0.43384
        },
        "CISD": {
            "a": 0.36223,
            "b": 0.43
        },
        "AQCC": {
            "a": 0.3595,
            "b": 0.42952
        }
    },
    "O": {
        "RS2": {
            "a": 0.46841,
            "b": -0.031688
        },
        "CISD": {
            "a": 0.44955,
            "b": -0.035747
        },
        "AQCC": {
            "a": 0.4444,
            "b": -0.036692
        }
    },
    "F": {
        "RS2": {
            "a": 0.56889,
            "b": -0.032375
        },
        "CISD": {
            "a": 0.55289,
            "b": -0.038364
        },
        "AQCC": {
            "a": 0.54356,
            "b": -0.039446
        }
    },
    "Al": {
        "RS2": {
            "a": 0.0016489,
            "b": 0.17904
        },
        "CISD": {
            "a": null,
            "b": null
        },
        "AQCC": {
            "a": -0.0044629,
            "b": 0.18807
        }
    },
    "Si": {
        "RS2": {
            "a": null,
            "b": null
        },
        "CISD": {
            "a": -0.0026304,
            "b": 0.24711
        },
        "AQCC": {
            "a": -0.0095373,
            "b": 0.25067
        }
    },
    "P": {
        "RS2": {
            "a": 0.23297,
            "b": 0.30874
        },
        "CISD": {
            "a": 0.23156,
            "b": 0.31025
        },
        "AQCC": {
            "a": 0.23289,
            "b": 0.31093
        }
    },
    "S": {
        "RS2": {
            "a": 0.28811,
            "b": -0.015363
        },
        "CISD": {
            "a": 0.29028,
            "b": -0.017323
        },
        "AQCC": {
            "a": 0.29233,
            "b": -0.021034
        }
    },
    "Cl": {
        "RS2": {
            "a": 0.35559,
            "b": -0.016439
        },
        "CISD": {
            "a": 0.36047,
            "b": -0.019647
        },
        "AQCC": {
            "a": 0.36345,
            "b": -0.024435
        }
    }
}