{
    "B_aug-cc-pwCVTZ": {
        "eigenvalues": [
            -6.8761,
            -0.45611,
            -0.25248,
            -0.25248,
            -0.24557,
            -0.10409,
            -0.077149,
            -0.077149,
            -0.075133,
            -0.0050251,
            -0.0050251,
            -0.0018174
        ],
        "gaps": {
            "a": -0.0069056,
            "b": 0.21054
        },
        "occ": [
            2,
            2,
            0,
            0,
            1,
            0,
            0,
            0,
            0,
            0,
            0,
            0
        ]
    },
    "B_aug-cc-pwCVQZ": {
        "eigenvalues": [
            -6.9087,
            -0.49963,
            -0.28897,
            -0.28897,
            -0.27249,
            -0.10892,
            -0.081235,
            -0.081235,
            -0.07678,
            -0.030042,
            -0.030042,
            -0.025008
        ],
        "gaps": {
            "a": -0.016479,
            "b": 0.22715
        },
        "occ": [
            2,
            2,
            0,
            0,
            1,
            0,
            0,
            0,
            0,
            0,
            0,
            0
        ]
    },
    "C_aug-cc-pwCVTZ": {
        "eigenvalues": [
            -10.311,
            -0.68673,
            -0.38585,
            -0.363,
            -0.363,
            -0.11356,
            -0.080796,
            -0.074717,
            -0.074717,
            0.054749,
            0.057368,
            0.057368,
            0.065639
        ],
        "gaps": {
            "a": -0.022849,
            "b": 0.32373
        },
        "occ": [
            2,
            2,
            0,
            1,
            1,
            0,
            0,
            0,
            0,
            0,
            0,
            0,
            0
        ]
    }
}