{
    "B": {
        "RS2": 0.004397165120397109,
        "CISD": 0.00359906908758673,
        "AQCC": 0.0036456664270866712
    },
    "C": {
        "RS2": 0.0015772532231071174,
        "CISD": 0.001986049176299005,
        "AQCC": 0.002091130543405612
    },
    "N": {
        "RS2": 0.0019452471150360239,
        "CISD": 0.0010491196287063154,
        "AQCC": 0.0011284730287487602
    },
    "O": {
        "RS2": 0.0016973681378182565,
        "CISD": 0.0013869844502600594,
        "AQCC": 0.0017715325753321625
    },
    "F": {
        "RS2": 0.0010933619871638066,
        "CISD": 0.0009239131874311592,
        "AQCC": 0.0010228204428420259
    },
    "Al": {
        "RS2": 0.0009564932872271358,
        "CISD": 0.0010548663304039826,
        "AQCC": 0.0010148417150752864
    },
    "Si": {
        "RS2": null,
        "CISD": 0.0021947003073780036,
        "AQCC": 0.0021729853783851727
    },
    "P": {
        "RS2": 0.0028064565317744176,
        "CISD": 0.002211089998330397,
        "AQCC": 0.002233524230597669
    },
    "S": {
        "RS2": 0.002498706174859448,
        "CISD": 0.0021796400748637728,
        "AQCC": 0.0021122289186443887
    },
    "Cl": {
        "RS2": 0.0018152051057755763,
        "CISD": 0.0016388638352073544,
        "AQCC": 0.001609876829326536
    }
}