{
    "B_aug-cc-pwCVTZ": {
        "EXX": {
            "gaps": {
                "a": 0.013388,
                "b": 0.19758
            },
            "en": -24.523602092472
        },
        "RS2": {
            "gaps": {
                "a": -0.0079509,
                "b": 0.21081
            },
            "en": -24.635156687939
        },
        "CISD": {
            "gaps": {
                "a": -0.0072426,
                "b": 0.21076
            },
            "en": -24.64174504939
        },
        "AQCC": {
            "gaps": {
                "a": -0.0073407,
                "b": 0.21082
            },
            "en": -24.642533088733
        }
    },
    "B_aug-cc-pwCVQZ": {
        "EXX": {
            "gaps": {
                "a": 0.0062955,
                "b": 0.21378
            },
            "en": -24.527472462871
        },
        "RS2": {
            "gaps": {
                "a": -0.018331,
                "b": 0.22824
            },
            "en": -24.643137706823
        },
        "CISD": {
            "gaps": {
                "a": -0.016786,
                "b": 0.22741
            },
            "en": -24.648452062918
        },
        "AQCC": {
            "gaps": {
                "a": -0.016949,
                "b": 0.22748
            },
            "en": -24.649281164555
        }
    },
    "C_aug-cc-pwCVTZ": {
        "EXX": {
            "gaps": {
                "a": 0.006987,
                "b": 0.31755
            },
            "en": -37.684714076285
        },
        "RS2": {
            "gaps": {
                "a": 0.0025815,
                "b": 0.31796
            },
            "en": -37.814084829137
        },
        "CISD": {
            "gaps": {
                "a": -0.019443,
                "b": 0.32292
            },
            "en": -37.824784573265
        },
        "AQCC": {
            "gaps": {
                "a": -0.019987,
                "b": 0.32303
            },
            "en": -37.826840025777
        }
    }
}