{
    "B": {
        "RS2": -24.64566380336,
        "CISD": -24.650322997078,
        "AQCC": -24.651162621783
    },
    "C": {
        "RS2": -37.828470872733,
        "CISD": -37.836188542553,
        "AQCC": -37.838349466207
    },
    "N": {
        "RS2": -54.582955937295,
        "CISD": null,
        "AQCC": -54.582175310068
    },
    "O": {
        "RS2": -75.053952859758,
        "CISD": -75.05124184511,
        "AQCC": -75.056657857108
    },
    "F": {
        "RS2": -99.7180957798,
        "CISD": -99.71303918242,
        "AQCC": -99.719904318007
    },
    "Al": {
        "RS2": -242.310340523066,
        "CISD": -242.300157003773,
        "AQCC": -242.312678399198
    },
    "Si": {
        "RS2": null,
        "CISD": -289.301202584165,
        "AQCC": -289.318868421104
    },
    "P": {
        "RS2": -341.222333908634,
        "CISD": null,
        "AQCC": -341.219133514723
    },
    "S": {
        "RS2": -398.065174473717,
        "CISD": -398.038970092716,
        "AQCC": -398.066666105926
    },
    "Cl": {
        "RS2": -460.097177407571,
        "CISD": -460.070700550088,
        "AQCC": -460.10288700875
    }
}