{
    "B": {
        "RS2": -24.633251802119,
        "CISD": -24.646745884394,
        "AQCC": -24.649060159587
    },
    "C": {
        "RS2": -37.828182206628,
        "CISD": -37.836110424585,
        "AQCC": -37.839122320476
    },
    "N": {
        "RS2": -54.581421863257,
        "CISD": -54.57913714536,
        "AQCC": -54.582350171659
    },
    "O": {
        "RS2": -75.05448029566,
        "CISD": -75.051756078899,
        "AQCC": -75.056798837334
    },
    "F": {
        "RS2": -99.718683644673,
        "CISD": -99.713305947697,
        "AQCC": -99.719922222436
    },
    "Al": {
        "RS2": -242.303497268929,
        "CISD": null,
        "AQCC": -242.310045723933
    },
    "Si": {
        "RS2": null,
        "CISD": -289.30132866499,
        "AQCC": -289.320963853708
    },
    "P": {
        "RS2": -341.22243104183,
        "CISD": -341.198270570011,
        "AQCC": -341.219318662191
    },
    "S": {
        "RS2": -398.065808784127,
        "CISD": -398.03972381724,
        "AQCC": -398.066679605828
    },
    "Cl": {
        "RS2": -460.097609460097,
        "CISD": -460.071132459477,
        "AQCC": -460.102828580646
    }
}