{
    "B": {
        "RS2": {
            "a": -0.01871,
            "b": 0.2286
        },
        "CISD": {
            "a": -0.016821,
            "b": 0.22754
        },
        "AQCC": {
            "a": -0.017011,
            "b": 0.22763
        }
    },
    "C": {
        "RS2": {
            "a": 0.0025098,
            "b": 0.31753
        },
        "CISD": {
            "a": -0.017473,
            "b": 0.32186
        },
        "AQCC": {
            "a": -0.01823,
            "b": 0.32198
        }
    },
    "N": {
        "RS2": {
            "a": 0.38698,
            "b": 0.4341
        },
        "CISD": {
            "a": 0.35617,
            "b": 0.42976
        },
        "AQCC": {
            "a": 0.35725,
            "b": 0.42941
        }
    },
    "O": {
        "RS2": {
            "a": 0.47277,
            "b": -0.026812
        },
        "CISD": {
            "a": 0.44619,
            "b": -0.031564
        },
        "AQCC": {
            "a": 0.44319,
            "b": -0.035694
        }
    },
    "F": {
        "RS2": {
            "a": 0.57358,
            "b": -0.028534
        },
        "CISD": {
            "a": 0.55215,
            "b": -0.034564
        },
        "AQCC": {
            "a": 0.54315,
            "b": -0.038704
        }
    },
    "Al": {
        "RS2": {
            "a": -0.0072872,
            "b": 0.18543
        },
        "CISD": {
            "a": -0.0053063,
            "b": 0.18924
        },
        "AQCC": {
            "a": -0.0060883,
            "b": 0.18972
        }
    },
    "Si": {
        "RS2": {
            "a": null,
            "b": null
        },
        "CISD": {
            "a": -0.0039688,
            "b": 0.2471
        },
        "AQCC": {
            "a": -0.0067843,
            "b": 0.24961
        }
    },
    "P": {
        "RS2": {
            "a": 0.23185,
            "b": 0.30873
        },
        "CISD": {
            "a": 0.22021,
            "b": 0.30937
        },
        "AQCC": {
            "a": 0.22912,
            "b": 0.31067
        }
    },
    "S": {
        "RS2": {
            "a": 0.28906,
            "b": -0.013764
        },
        "CISD": {
            "a": 0.28507,
            "b": -0.013513
        },
        "AQCC": {
            "a": 0.29086,
            "b": -0.020256
        }
    },
    "Cl": {
        "RS2": {
            "a": 0.35592,
            "b": -0.01477
        },
        "CISD": {
            "a": 0.35749,
            "b": -0.01623
        },
        "AQCC": {
            "a": 0.36283,
            "b": -0.023967
        }
    }
}