{
    "B": {
        "eigenvalues": [
            -7.695384,
            -0.494768,
            -0.309992,
            0.02,
            0.02
        ],
        "occ": [
            2,
            2,
            1,
            0,
            0
        ]
    },
    "C": {
        "eigenvalues": [
            -11.325566,
            -0.705684,
            -0.433413,
            -0.433413,
            0.011117,
            0.06618
        ],
        "occ": [
            2,
            2,
            1,
            1,
            0,
            0
        ]
    },
    "N": {
        "eigenvalues": [
            -15.629094,
            -0.945339,
            -0.567591,
            -0.567591,
            -0.567591,
            0.088427,
            0.088427
        ],
        "occ": [
            2,
            2,
            1,
            1,
            1,
            0,
            0
        ]
    },
    "O": {
        "eigenvalues": [
            -20.669415,
            -1.245022,
            -0.702705,
            -0.702705,
            -0.566749,
            0.104344,
            0.104344
        ],
        "occ": [
            2,
            2,
            1,
            1,
            2,
            0,
            0
        ]
    },
    "F": {
        "eigenvalues": [
            -26.383165,
            -1.572901,
            -0.834317,
            -0.705829,
            -0.705829,
            0.126894,
            0.132414
        ],
        "occ": [
            2,
            2,
            1,
            2,
            2,
            0,
            0
        ]
    },
    "Al": {
        "eigenvalues": [
            -58.501012,
            -4.910646,
            -3.218517,
            -3.218517,
            -3.21779,
            -0.393451,
            -0.210234,
            0.007091,
            0.007091
        ],
        "occ": [
            2,
            2,
            2,
            2,
            2,
            2,
            1,
            0,
            0
        ]
    },
    "Si": {
        "eigenvalues": [
            -68.812444,
            -6.156512,
            -4.256776,
            -4.255651,
            -4.255651,
            -0.539866,
            -0.297276,
            -0.297276,
            -0.016525,
            0.046559
        ],
        "occ": [
            2,
            2,
            2,
            2,
            2,
            2,
            1,
            1,
            0,
            0
        ]
    },
    "P": {
        "eigenvalues": [
            -79.969759,
            -7.51113,
            -5.400983,
            -5.400983,
            -5.400983,
            -0.696438,
            -0.391714,
            -0.391714,
            -0.391714,
            0.058743,
            0.06399
        ],
        "occ": [
            2,
            2,
            2,
            2,
            2,
            2,
            1,
            1,
            1,
            0,
            0
        ]
    },
    "S": {
        "eigenvalues": [
            -92.004661,
            -9.004519,
            -6.683237,
            -6.683237,
            -6.681728,
            -0.879752,
            -0.480769,
            -0.480769,
            -0.397695,
            0.07065,
            0.07065
        ],
        "occ": [
            2,
            2,
            2,
            2,
            2,
            2,
            1,
            1,
            2,
            0,
            0
        ]
    },
    "Cl": {
        "eigenvalues": [
            -104.884465,
            -10.607531,
            -8.073617,
            -8.071624,
            -8.071624,
            -1.072982,
            -0.569363,
            -0.492026,
            -0.492026,
            0.081322,
            0.086286
        ],
        "occ": [
            2,
            2,
            2,
            2,
            2,
            2,
            1,
            2,
            2,
            0,
            0
        ]
    }
}